{
    "type": "object",
    "required": [
        "zikaze",
        "bakaze",
        "turn",
        "syanten_type",
        "dora_indicators",
        "flag",
        "hand_tiles",
        "melded_blocks",
        "version",
        "counts"
    ],
    "additionalProperties": false,
    "properties": {
        "version": {
            "type": "string"
        },
        "ip": {
            "type": "string"
        },
        "zikaze": {
            "type": "integer",
            "enum": [
                27,
                28,
                29,
                30
            ]
        },
        "bakaze": {
            "type": "integer",
            "enum": [
                27,
                28,
                29,
                30
            ]
        },
        "turn": {
            "type": "integer",
            "minimum": 1,
            "maximum": 17
        },
        "syanten_type": {
            "type": "integer",
            "enum": [
                1,
                2,
                4
            ]
        },
        "dora_indicators": {
            "type": "array",
            "items": {
                "type": "integer",
                "minimum": 0,
                "maximum": 36
            },
            "minItems": 0,
            "maxItems": 5
        },
        "flag": {
            "type": "integer",
            "minimum": 0,
            "maximum": 255
        },
        "hand_tiles": {
            "type": "array",
            "items": {
                "type": "integer",
                "minimum": 0,
                "maximum": 36
            },
            "minItems": 1,
            "maxItems": 14
        },
        "melded_blocks": {
            "type": "array",
            "items": {
                "type": "object",
                "properties": {
                    "type": {
                        "type": "integer",
                        "minimum": 0,
                        "maximum": 4
                    },
                    "tiles": {
                        "type": "array",
                        "items": {
                            "type": "integer",
                            "minimum": 0,
                            "maximum": 36
                        }
                    },
                    "discarded_tile": {
                        "type": "integer",
                        "minimum": 0,
                        "maximum": 36
                    },
                    "from": {
                        "type": "integer",
                        "minimum": 0,
                        "maximum": 3
                    }
                }
            },
            "minItems": 0,
            "maxItems": 4
        },
        "counts": {
            "type": "array",
            "items": {
                "type": "integer",
                "minimum": 0,
                "maximum": 4
            },
            "minItems": 37,
            "maxItems": 37
        }
    }
}
