[
  {
    "key": 524288,
    "pattern": [
      "6t"
    ]
  },
  {
    "key": 786432,
    "pattern": [
      "6k"
    ]
  },
  {
    "key": 65536,
    "pattern": [
      "5t"
    ]
  },
  {
    "key": 851968,
    "pattern": [
      "5t6k"
    ]
  },
  {
    "key": 98304,
    "pattern": [
      "5k"
    ]
  },
  {
    "key": 622592,
    "pattern": [
      "5k6t"
    ]
  },
  {
    "key": 884736,
    "pattern": [
      "5k6k"
    ]
  },
  {
    "key": 8192,
    "pattern": [
      "4t"
    ]
  },
  {
    "key": 794624,
    "pattern": [
      "4t6k"
    ]
  },
  {
    "key": 106496,
    "pattern": [
      "4t5k"
    ]
  },
  {
    "key": 892928,
    "pattern": [
      "4t5k6k"
    ]
  },
  {
    "key": 12288,
    "pattern": [
      "4k"
    ]
  },
  {
    "key": 536576,
    "pattern": [
      "4k6t"
    ]
  },
  {
    "key": 798720,
    "pattern": [
      "4k6k"
    ]
  },
  {
    "key": 77824,
    "pattern": [
      "4k5t"
    ]
  },
  {
    "key": 864256,
    "pattern": [
      "4k5t6k"
    ]
  },
  {
    "key": 110592,
    "pattern": [
      "4k5k"
    ]
  },
  {
    "key": 634880,
    "pattern": [
      "4k5k6t"
    ]
  },
  {
    "key": 897024,
    "pattern": [
      "4k5k6k"
    ]
  },
  {
    "key": 1024,
    "pattern": [
      "3t"
    ]
  },
  {
    "key": 787456,
    "pattern": [
      "3t6k"
    ]
  },
  {
    "key": 99328,
    "pattern": [
      "3t5k"
    ]
  },
  {
    "key": 885760,
    "pattern": [
      "3t5k6k"
    ]
  },
  {
    "key": 13312,
    "pattern": [
      "3t4k"
    ]
  },
  {
    "key": 799744,
    "pattern": [
      "3t4k6k"
    ]
  },
  {
    "key": 111616,
    "pattern": [
      "3t4k5k"
    ]
  },
  {
    "key": 898048,
    "pattern": [
      "3t4k5k6k"
    ]
  },
  {
    "key": 1536,
    "pattern": [
      "3k"
    ]
  },
  {
    "key": 525824,
    "pattern": [
      "3k6t"
    ]
  },
  {
    "key": 787968,
    "pattern": [
      "3k6k"
    ]
  },
  {
    "key": 67072,
    "pattern": [
      "3k5t"
    ]
  },
  {
    "key": 853504,
    "pattern": [
      "3k5t6k"
    ]
  },
  {
    "key": 99840,
    "pattern": [
      "3k5k"
    ]
  },
  {
    "key": 624128,
    "pattern": [
      "3k5k6t"
    ]
  },
  {
    "key": 886272,
    "pattern": [
      "3k5k6k"
    ]
  },
  {
    "key": 9728,
    "pattern": [
      "3k4t"
    ]
  },
  {
    "key": 796160,
    "pattern": [
      "3k4t6k"
    ]
  },
  {
    "key": 108032,
    "pattern": [
      "3k4t5k"
    ]
  },
  {
    "key": 894464,
    "pattern": [
      "3k4t5k6k"
    ]
  },
  {
    "key": 13824,
    "pattern": [
      "3k4k"
    ]
  },
  {
    "key": 538112,
    "pattern": [
      "3k4k6t"
    ]
  },
  {
    "key": 800256,
    "pattern": [
      "3k4k6k"
    ]
  },
  {
    "key": 79360,
    "pattern": [
      "3k4k5t"
    ]
  },
  {
    "key": 865792,
    "pattern": [
      "3k4k5t6k"
    ]
  },
  {
    "key": 112128,
    "pattern": [
      "3k4k5k"
    ]
  },
  {
    "key": 636416,
    "pattern": [
      "3k4k5k6t"
    ]
  },
  {
    "key": 898560,
    "pattern": [
      "3k4k5k6k"
    ]
  },
  {
    "key": 128,
    "pattern": [
      "2t"
    ]
  },
  {
    "key": 786560,
    "pattern": [
      "2t6k"
    ]
  },
  {
    "key": 98432,
    "pattern": [
      "2t5k"
    ]
  },
  {
    "key": 884864,
    "pattern": [
      "2t5k6k"
    ]
  },
  {
    "key": 12416,
    "pattern": [
      "2t4k"
    ]
  },
  {
    "key": 798848,
    "pattern": [
      "2t4k6k"
    ]
  },
  {
    "key": 110720,
    "pattern": [
      "2t4k5k"
    ]
  },
  {
    "key": 897152,
    "pattern": [
      "2t4k5k6k"
    ]
  },
  {
    "key": 1664,
    "pattern": [
      "2t3k"
    ]
  },
  {
    "key": 788096,
    "pattern": [
      "2t3k6k"
    ]
  },
  {
    "key": 99968,
    "pattern": [
      "2t3k5k"
    ]
  },
  {
    "key": 886400,
    "pattern": [
      "2t3k5k6k"
    ]
  },
  {
    "key": 13952,
    "pattern": [
      "2t3k4k"
    ]
  },
  {
    "key": 800384,
    "pattern": [
      "2t3k4k6k"
    ]
  },
  {
    "key": 112256,
    "pattern": [
      "2t3k4k5k"
    ]
  },
  {
    "key": 898688,
    "pattern": [
      "2t3k4k5k6k"
    ]
  },
  {
    "key": 192,
    "pattern": [
      "2k"
    ]
  },
  {
    "key": 524480,
    "pattern": [
      "2k6t"
    ]
  },
  {
    "key": 786624,
    "pattern": [
      "2k6k"
    ]
  },
  {
    "key": 65728,
    "pattern": [
      "2k5t"
    ]
  },
  {
    "key": 852160,
    "pattern": [
      "2k5t6k"
    ]
  },
  {
    "key": 98496,
    "pattern": [
      "2k5k"
    ]
  },
  {
    "key": 622784,
    "pattern": [
      "2k5k6t"
    ]
  },
  {
    "key": 884928,
    "pattern": [
      "2k5k6k"
    ]
  },
  {
    "key": 8384,
    "pattern": [
      "2k4t"
    ]
  },
  {
    "key": 794816,
    "pattern": [
      "2k4t6k"
    ]
  },
  {
    "key": 106688,
    "pattern": [
      "2k4t5k"
    ]
  },
  {
    "key": 893120,
    "pattern": [
      "2k4t5k6k"
    ]
  },
  {
    "key": 12480,
    "pattern": [
      "2k4k"
    ]
  },
  {
    "key": 536768,
    "pattern": [
      "2k4k6t"
    ]
  },
  {
    "key": 798912,
    "pattern": [
      "2k4k6k"
    ]
  },
  {
    "key": 78016,
    "pattern": [
      "2k4k5t"
    ]
  },
  {
    "key": 864448,
    "pattern": [
      "2k4k5t6k"
    ]
  },
  {
    "key": 110784,
    "pattern": [
      "2k4k5k"
    ]
  },
  {
    "key": 635072,
    "pattern": [
      "2k4k5k6t"
    ]
  },
  {
    "key": 897216,
    "pattern": [
      "2k4k5k6k"
    ]
  },
  {
    "key": 1216,
    "pattern": [
      "2k3t"
    ]
  },
  {
    "key": 787648,
    "pattern": [
      "2k3t6k"
    ]
  },
  {
    "key": 99520,
    "pattern": [
      "2k3t5k"
    ]
  },
  {
    "key": 885952,
    "pattern": [
      "2k3t5k6k"
    ]
  },
  {
    "key": 13504,
    "pattern": [
      "2k3t4k"
    ]
  },
  {
    "key": 799936,
    "pattern": [
      "2k3t4k6k"
    ]
  },
  {
    "key": 111808,
    "pattern": [
      "2k3t4k5k"
    ]
  },
  {
    "key": 898240,
    "pattern": [
      "2k3t4k5k6k"
    ]
  },
  {
    "key": 1728,
    "pattern": [
      "2k3k"
    ]
  },
  {
    "key": 526016,
    "pattern": [
      "2k3k6t"
    ]
  },
  {
    "key": 788160,
    "pattern": [
      "2k3k6k"
    ]
  },
  {
    "key": 67264,
    "pattern": [
      "2k3k5t"
    ]
  },
  {
    "key": 853696,
    "pattern": [
      "2k3k5t6k"
    ]
  },
  {
    "key": 100032,
    "pattern": [
      "2k3k5k"
    ]
  },
  {
    "key": 624320,
    "pattern": [
      "2k3k5k6t"
    ]
  },
  {
    "key": 886464,
    "pattern": [
      "2k3k5k6k"
    ]
  },
  {
    "key": 9920,
    "pattern": [
      "2k3k4t"
    ]
  },
  {
    "key": 796352,
    "pattern": [
      "2k3k4t6k"
    ]
  },
  {
    "key": 108224,
    "pattern": [
      "2k3k4t5k"
    ]
  },
  {
    "key": 894656,
    "pattern": [
      "2k3k4t5k6k"
    ]
  },
  {
    "key": 14016,
    "pattern": [
      "2k3k4k"
    ]
  },
  {
    "key": 538304,
    "pattern": [
      "2k3k4k6t"
    ]
  },
  {
    "key": 800448,
    "pattern": [
      "2k3k4k6k"
    ]
  },
  {
    "key": 79552,
    "pattern": [
      "2k3k4k5t"
    ]
  },
  {
    "key": 865984,
    "pattern": [
      "2k3k4k5t6k"
    ]
  },
  {
    "key": 112320,
    "pattern": [
      "2k3k4k5k"
    ]
  },
  {
    "key": 636608,
    "pattern": [
      "2k3k4k5k6t"
    ]
  },
  {
    "key": 16,
    "pattern": [
      "1t"
    ]
  },
  {
    "key": 786448,
    "pattern": [
      "1t6k"
    ]
  },
  {
    "key": 98320,
    "pattern": [
      "1t5k"
    ]
  },
  {
    "key": 884752,
    "pattern": [
      "1t5k6k"
    ]
  },
  {
    "key": 12304,
    "pattern": [
      "1t4k"
    ]
  },
  {
    "key": 798736,
    "pattern": [
      "1t4k6k"
    ]
  },
  {
    "key": 110608,
    "pattern": [
      "1t4k5k"
    ]
  },
  {
    "key": 897040,
    "pattern": [
      "1t4k5k6k"
    ]
  },
  {
    "key": 1552,
    "pattern": [
      "1t3k"
    ]
  },
  {
    "key": 787984,
    "pattern": [
      "1t3k6k"
    ]
  },
  {
    "key": 99856,
    "pattern": [
      "1t3k5k"
    ]
  },
  {
    "key": 886288,
    "pattern": [
      "1t3k5k6k"
    ]
  },
  {
    "key": 13840,
    "pattern": [
      "1t3k4k"
    ]
  },
  {
    "key": 800272,
    "pattern": [
      "1t3k4k6k"
    ]
  },
  {
    "key": 112144,
    "pattern": [
      "1t3k4k5k"
    ]
  },
  {
    "key": 898576,
    "pattern": [
      "1t3k4k5k6k"
    ]
  },
  {
    "key": 208,
    "pattern": [
      "1t2k"
    ]
  },
  {
    "key": 786640,
    "pattern": [
      "1t2k6k"
    ]
  },
  {
    "key": 98512,
    "pattern": [
      "1t2k5k"
    ]
  },
  {
    "key": 884944,
    "pattern": [
      "1t2k5k6k"
    ]
  },
  {
    "key": 12496,
    "pattern": [
      "1t2k4k"
    ]
  },
  {
    "key": 798928,
    "pattern": [
      "1t2k4k6k"
    ]
  },
  {
    "key": 110800,
    "pattern": [
      "1t2k4k5k"
    ]
  },
  {
    "key": 897232,
    "pattern": [
      "1t2k4k5k6k"
    ]
  },
  {
    "key": 1744,
    "pattern": [
      "1t2k3k"
    ]
  },
  {
    "key": 788176,
    "pattern": [
      "1t2k3k6k"
    ]
  },
  {
    "key": 100048,
    "pattern": [
      "1t2k3k5k"
    ]
  },
  {
    "key": 886480,
    "pattern": [
      "1t2k3k5k6k"
    ]
  },
  {
    "key": 14032,
    "pattern": [
      "1t2k3k4k"
    ]
  },
  {
    "key": 800464,
    "pattern": [
      "1t2k3k4k6k"
    ]
  },
  {
    "key": 112336,
    "pattern": [
      "1t2k3k4k5k"
    ]
  },
  {
    "key": 24,
    "pattern": [
      "1k"
    ]
  },
  {
    "key": 524312,
    "pattern": [
      "1k6t"
    ]
  },
  {
    "key": 786456,
    "pattern": [
      "1k6k"
    ]
  },
  {
    "key": 65560,
    "pattern": [
      "1k5t"
    ]
  },
  {
    "key": 851992,
    "pattern": [
      "1k5t6k"
    ]
  },
  {
    "key": 98328,
    "pattern": [
      "1k5k"
    ]
  },
  {
    "key": 622616,
    "pattern": [
      "1k5k6t"
    ]
  },
  {
    "key": 884760,
    "pattern": [
      "1k5k6k"
    ]
  },
  {
    "key": 8216,
    "pattern": [
      "1k4t"
    ]
  },
  {
    "key": 794648,
    "pattern": [
      "1k4t6k"
    ]
  },
  {
    "key": 106520,
    "pattern": [
      "1k4t5k"
    ]
  },
  {
    "key": 892952,
    "pattern": [
      "1k4t5k6k"
    ]
  },
  {
    "key": 12312,
    "pattern": [
      "1k4k"
    ]
  },
  {
    "key": 536600,
    "pattern": [
      "1k4k6t"
    ]
  },
  {
    "key": 798744,
    "pattern": [
      "1k4k6k"
    ]
  },
  {
    "key": 77848,
    "pattern": [
      "1k4k5t"
    ]
  },
  {
    "key": 864280,
    "pattern": [
      "1k4k5t6k"
    ]
  },
  {
    "key": 110616,
    "pattern": [
      "1k4k5k"
    ]
  },
  {
    "key": 634904,
    "pattern": [
      "1k4k5k6t"
    ]
  },
  {
    "key": 897048,
    "pattern": [
      "1k4k5k6k"
    ]
  },
  {
    "key": 1048,
    "pattern": [
      "1k3t"
    ]
  },
  {
    "key": 787480,
    "pattern": [
      "1k3t6k"
    ]
  },
  {
    "key": 99352,
    "pattern": [
      "1k3t5k"
    ]
  },
  {
    "key": 885784,
    "pattern": [
      "1k3t5k6k"
    ]
  },
  {
    "key": 13336,
    "pattern": [
      "1k3t4k"
    ]
  },
  {
    "key": 799768,
    "pattern": [
      "1k3t4k6k"
    ]
  },
  {
    "key": 111640,
    "pattern": [
      "1k3t4k5k"
    ]
  },
  {
    "key": 898072,
    "pattern": [
      "1k3t4k5k6k"
    ]
  },
  {
    "key": 1560,
    "pattern": [
      "1k3k"
    ]
  },
  {
    "key": 525848,
    "pattern": [
      "1k3k6t"
    ]
  },
  {
    "key": 787992,
    "pattern": [
      "1k3k6k"
    ]
  },
  {
    "key": 67096,
    "pattern": [
      "1k3k5t"
    ]
  },
  {
    "key": 853528,
    "pattern": [
      "1k3k5t6k"
    ]
  },
  {
    "key": 99864,
    "pattern": [
      "1k3k5k"
    ]
  },
  {
    "key": 624152,
    "pattern": [
      "1k3k5k6t"
    ]
  },
  {
    "key": 886296,
    "pattern": [
      "1k3k5k6k"
    ]
  },
  {
    "key": 9752,
    "pattern": [
      "1k3k4t"
    ]
  },
  {
    "key": 796184,
    "pattern": [
      "1k3k4t6k"
    ]
  },
  {
    "key": 108056,
    "pattern": [
      "1k3k4t5k"
    ]
  },
  {
    "key": 894488,
    "pattern": [
      "1k3k4t5k6k"
    ]
  },
  {
    "key": 13848,
    "pattern": [
      "1k3k4k"
    ]
  },
  {
    "key": 538136,
    "pattern": [
      "1k3k4k6t"
    ]
  },
  {
    "key": 800280,
    "pattern": [
      "1k3k4k6k"
    ]
  },
  {
    "key": 79384,
    "pattern": [
      "1k3k4k5t"
    ]
  },
  {
    "key": 865816,
    "pattern": [
      "1k3k4k5t6k"
    ]
  },
  {
    "key": 112152,
    "pattern": [
      "1k3k4k5k"
    ]
  },
  {
    "key": 636440,
    "pattern": [
      "1k3k4k5k6t"
    ]
  },
  {
    "key": 152,
    "pattern": [
      "1k2t"
    ]
  },
  {
    "key": 786584,
    "pattern": [
      "1k2t6k"
    ]
  },
  {
    "key": 98456,
    "pattern": [
      "1k2t5k"
    ]
  },
  {
    "key": 884888,
    "pattern": [
      "1k2t5k6k"
    ]
  },
  {
    "key": 12440,
    "pattern": [
      "1k2t4k"
    ]
  },
  {
    "key": 798872,
    "pattern": [
      "1k2t4k6k"
    ]
  },
  {
    "key": 110744,
    "pattern": [
      "1k2t4k5k"
    ]
  },
  {
    "key": 897176,
    "pattern": [
      "1k2t4k5k6k"
    ]
  },
  {
    "key": 1688,
    "pattern": [
      "1k2t3k"
    ]
  },
  {
    "key": 788120,
    "pattern": [
      "1k2t3k6k"
    ]
  },
  {
    "key": 99992,
    "pattern": [
      "1k2t3k5k"
    ]
  },
  {
    "key": 886424,
    "pattern": [
      "1k2t3k5k6k"
    ]
  },
  {
    "key": 13976,
    "pattern": [
      "1k2t3k4k"
    ]
  },
  {
    "key": 800408,
    "pattern": [
      "1k2t3k4k6k"
    ]
  },
  {
    "key": 112280,
    "pattern": [
      "1k2t3k4k5k"
    ]
  },
  {
    "key": 216,
    "pattern": [
      "1k2k"
    ]
  },
  {
    "key": 524504,
    "pattern": [
      "1k2k6t"
    ]
  },
  {
    "key": 786648,
    "pattern": [
      "1k2k6k"
    ]
  },
  {
    "key": 65752,
    "pattern": [
      "1k2k5t"
    ]
  },
  {
    "key": 852184,
    "pattern": [
      "1k2k5t6k"
    ]
  },
  {
    "key": 98520,
    "pattern": [
      "1k2k5k"
    ]
  },
  {
    "key": 622808,
    "pattern": [
      "1k2k5k6t"
    ]
  },
  {
    "key": 884952,
    "pattern": [
      "1k2k5k6k"
    ]
  },
  {
    "key": 8408,
    "pattern": [
      "1k2k4t"
    ]
  },
  {
    "key": 794840,
    "pattern": [
      "1k2k4t6k"
    ]
  },
  {
    "key": 106712,
    "pattern": [
      "1k2k4t5k"
    ]
  },
  {
    "key": 893144,
    "pattern": [
      "1k2k4t5k6k"
    ]
  },
  {
    "key": 12504,
    "pattern": [
      "1k2k4k"
    ]
  },
  {
    "key": 536792,
    "pattern": [
      "1k2k4k6t"
    ]
  },
  {
    "key": 798936,
    "pattern": [
      "1k2k4k6k"
    ]
  },
  {
    "key": 78040,
    "pattern": [
      "1k2k4k5t"
    ]
  },
  {
    "key": 864472,
    "pattern": [
      "1k2k4k5t6k"
    ]
  },
  {
    "key": 110808,
    "pattern": [
      "1k2k4k5k"
    ]
  },
  {
    "key": 635096,
    "pattern": [
      "1k2k4k5k6t"
    ]
  },
  {
    "key": 1240,
    "pattern": [
      "1k2k3t"
    ]
  },
  {
    "key": 787672,
    "pattern": [
      "1k2k3t6k"
    ]
  },
  {
    "key": 99544,
    "pattern": [
      "1k2k3t5k"
    ]
  },
  {
    "key": 885976,
    "pattern": [
      "1k2k3t5k6k"
    ]
  },
  {
    "key": 13528,
    "pattern": [
      "1k2k3t4k"
    ]
  },
  {
    "key": 799960,
    "pattern": [
      "1k2k3t4k6k"
    ]
  },
  {
    "key": 111832,
    "pattern": [
      "1k2k3t4k5k"
    ]
  },
  {
    "key": 1752,
    "pattern": [
      "1k2k3k"
    ]
  },
  {
    "key": 526040,
    "pattern": [
      "1k2k3k6t"
    ]
  },
  {
    "key": 788184,
    "pattern": [
      "1k2k3k6k"
    ]
  },
  {
    "key": 67288,
    "pattern": [
      "1k2k3k5t"
    ]
  },
  {
    "key": 853720,
    "pattern": [
      "1k2k3k5t6k"
    ]
  },
  {
    "key": 100056,
    "pattern": [
      "1k2k3k5k"
    ]
  },
  {
    "key": 624344,
    "pattern": [
      "1k2k3k5k6t"
    ]
  },
  {
    "key": 9944,
    "pattern": [
      "1k2k3k4t"
    ]
  },
  {
    "key": 796376,
    "pattern": [
      "1k2k3k4t6k"
    ]
  },
  {
    "key": 108248,
    "pattern": [
      "1k2k3k4t5k"
    ]
  },
  {
    "key": 14040,
    "pattern": [
      "1k2k3k4k"
    ]
  },
  {
    "key": 538328,
    "pattern": [
      "1k2k3k4k6t"
    ]
  },
  {
    "key": 79576,
    "pattern": [
      "1k2k3k4k5t"
    ]
  },
  {
    "key": 2,
    "pattern": [
      "0t"
    ]
  },
  {
    "key": 786434,
    "pattern": [
      "0t6k"
    ]
  },
  {
    "key": 98306,
    "pattern": [
      "0t5k"
    ]
  },
  {
    "key": 884738,
    "pattern": [
      "0t5k6k"
    ]
  },
  {
    "key": 12290,
    "pattern": [
      "0t4k"
    ]
  },
  {
    "key": 798722,
    "pattern": [
      "0t4k6k"
    ]
  },
  {
    "key": 110594,
    "pattern": [
      "0t4k5k"
    ]
  },
  {
    "key": 897026,
    "pattern": [
      "0t4k5k6k"
    ]
  },
  {
    "key": 1538,
    "pattern": [
      "0t3k"
    ]
  },
  {
    "key": 787970,
    "pattern": [
      "0t3k6k"
    ]
  },
  {
    "key": 99842,
    "pattern": [
      "0t3k5k"
    ]
  },
  {
    "key": 886274,
    "pattern": [
      "0t3k5k6k"
    ]
  },
  {
    "key": 13826,
    "pattern": [
      "0t3k4k"
    ]
  },
  {
    "key": 800258,
    "pattern": [
      "0t3k4k6k"
    ]
  },
  {
    "key": 112130,
    "pattern": [
      "0t3k4k5k"
    ]
  },
  {
    "key": 898562,
    "pattern": [
      "0t3k4k5k6k"
    ]
  },
  {
    "key": 194,
    "pattern": [
      "0t2k"
    ]
  },
  {
    "key": 786626,
    "pattern": [
      "0t2k6k"
    ]
  },
  {
    "key": 98498,
    "pattern": [
      "0t2k5k"
    ]
  },
  {
    "key": 884930,
    "pattern": [
      "0t2k5k6k"
    ]
  },
  {
    "key": 12482,
    "pattern": [
      "0t2k4k"
    ]
  },
  {
    "key": 798914,
    "pattern": [
      "0t2k4k6k"
    ]
  },
  {
    "key": 110786,
    "pattern": [
      "0t2k4k5k"
    ]
  },
  {
    "key": 897218,
    "pattern": [
      "0t2k4k5k6k"
    ]
  },
  {
    "key": 1730,
    "pattern": [
      "0t2k3k"
    ]
  },
  {
    "key": 788162,
    "pattern": [
      "0t2k3k6k"
    ]
  },
  {
    "key": 100034,
    "pattern": [
      "0t2k3k5k"
    ]
  },
  {
    "key": 886466,
    "pattern": [
      "0t2k3k5k6k"
    ]
  },
  {
    "key": 14018,
    "pattern": [
      "0t2k3k4k"
    ]
  },
  {
    "key": 800450,
    "pattern": [
      "0t2k3k4k6k"
    ]
  },
  {
    "key": 112322,
    "pattern": [
      "0t2k3k4k5k"
    ]
  },
  {
    "key": 26,
    "pattern": [
      "0t1k"
    ]
  },
  {
    "key": 786458,
    "pattern": [
      "0t1k6k"
    ]
  },
  {
    "key": 98330,
    "pattern": [
      "0t1k5k"
    ]
  },
  {
    "key": 884762,
    "pattern": [
      "0t1k5k6k"
    ]
  },
  {
    "key": 12314,
    "pattern": [
      "0t1k4k"
    ]
  },
  {
    "key": 798746,
    "pattern": [
      "0t1k4k6k"
    ]
  },
  {
    "key": 110618,
    "pattern": [
      "0t1k4k5k"
    ]
  },
  {
    "key": 897050,
    "pattern": [
      "0t1k4k5k6k"
    ]
  },
  {
    "key": 1562,
    "pattern": [
      "0t1k3k"
    ]
  },
  {
    "key": 787994,
    "pattern": [
      "0t1k3k6k"
    ]
  },
  {
    "key": 99866,
    "pattern": [
      "0t1k3k5k"
    ]
  },
  {
    "key": 886298,
    "pattern": [
      "0t1k3k5k6k"
    ]
  },
  {
    "key": 13850,
    "pattern": [
      "0t1k3k4k"
    ]
  },
  {
    "key": 800282,
    "pattern": [
      "0t1k3k4k6k"
    ]
  },
  {
    "key": 112154,
    "pattern": [
      "0t1k3k4k5k"
    ]
  },
  {
    "key": 218,
    "pattern": [
      "0t1k2k"
    ]
  },
  {
    "key": 786650,
    "pattern": [
      "0t1k2k6k"
    ]
  },
  {
    "key": 98522,
    "pattern": [
      "0t1k2k5k"
    ]
  },
  {
    "key": 884954,
    "pattern": [
      "0t1k2k5k6k"
    ]
  },
  {
    "key": 12506,
    "pattern": [
      "0t1k2k4k"
    ]
  },
  {
    "key": 798938,
    "pattern": [
      "0t1k2k4k6k"
    ]
  },
  {
    "key": 110810,
    "pattern": [
      "0t1k2k4k5k"
    ]
  },
  {
    "key": 1754,
    "pattern": [
      "0t1k2k3k"
    ]
  },
  {
    "key": 788186,
    "pattern": [
      "0t1k2k3k6k"
    ]
  },
  {
    "key": 100058,
    "pattern": [
      "0t1k2k3k5k"
    ]
  },
  {
    "key": 14042,
    "pattern": [
      "0t1k2k3k4k"
    ]
  },
  {
    "key": 3,
    "pattern": [
      "0k"
    ]
  },
  {
    "key": 524291,
    "pattern": [
      "0k6t"
    ]
  },
  {
    "key": 786435,
    "pattern": [
      "0k6k"
    ]
  },
  {
    "key": 65539,
    "pattern": [
      "0k5t"
    ]
  },
  {
    "key": 851971,
    "pattern": [
      "0k5t6k"
    ]
  },
  {
    "key": 98307,
    "pattern": [
      "0k5k"
    ]
  },
  {
    "key": 622595,
    "pattern": [
      "0k5k6t"
    ]
  },
  {
    "key": 884739,
    "pattern": [
      "0k5k6k"
    ]
  },
  {
    "key": 8195,
    "pattern": [
      "0k4t"
    ]
  },
  {
    "key": 794627,
    "pattern": [
      "0k4t6k"
    ]
  },
  {
    "key": 106499,
    "pattern": [
      "0k4t5k"
    ]
  },
  {
    "key": 892931,
    "pattern": [
      "0k4t5k6k"
    ]
  },
  {
    "key": 12291,
    "pattern": [
      "0k4k"
    ]
  },
  {
    "key": 536579,
    "pattern": [
      "0k4k6t"
    ]
  },
  {
    "key": 798723,
    "pattern": [
      "0k4k6k"
    ]
  },
  {
    "key": 77827,
    "pattern": [
      "0k4k5t"
    ]
  },
  {
    "key": 864259,
    "pattern": [
      "0k4k5t6k"
    ]
  },
  {
    "key": 110595,
    "pattern": [
      "0k4k5k"
    ]
  },
  {
    "key": 634883,
    "pattern": [
      "0k4k5k6t"
    ]
  },
  {
    "key": 897027,
    "pattern": [
      "0k4k5k6k"
    ]
  },
  {
    "key": 1027,
    "pattern": [
      "0k3t"
    ]
  },
  {
    "key": 787459,
    "pattern": [
      "0k3t6k"
    ]
  },
  {
    "key": 99331,
    "pattern": [
      "0k3t5k"
    ]
  },
  {
    "key": 885763,
    "pattern": [
      "0k3t5k6k"
    ]
  },
  {
    "key": 13315,
    "pattern": [
      "0k3t4k"
    ]
  },
  {
    "key": 799747,
    "pattern": [
      "0k3t4k6k"
    ]
  },
  {
    "key": 111619,
    "pattern": [
      "0k3t4k5k"
    ]
  },
  {
    "key": 898051,
    "pattern": [
      "0k3t4k5k6k"
    ]
  },
  {
    "key": 1539,
    "pattern": [
      "0k3k"
    ]
  },
  {
    "key": 525827,
    "pattern": [
      "0k3k6t"
    ]
  },
  {
    "key": 787971,
    "pattern": [
      "0k3k6k"
    ]
  },
  {
    "key": 67075,
    "pattern": [
      "0k3k5t"
    ]
  },
  {
    "key": 853507,
    "pattern": [
      "0k3k5t6k"
    ]
  },
  {
    "key": 99843,
    "pattern": [
      "0k3k5k"
    ]
  },
  {
    "key": 624131,
    "pattern": [
      "0k3k5k6t"
    ]
  },
  {
    "key": 886275,
    "pattern": [
      "0k3k5k6k"
    ]
  },
  {
    "key": 9731,
    "pattern": [
      "0k3k4t"
    ]
  },
  {
    "key": 796163,
    "pattern": [
      "0k3k4t6k"
    ]
  },
  {
    "key": 108035,
    "pattern": [
      "0k3k4t5k"
    ]
  },
  {
    "key": 894467,
    "pattern": [
      "0k3k4t5k6k"
    ]
  },
  {
    "key": 13827,
    "pattern": [
      "0k3k4k"
    ]
  },
  {
    "key": 538115,
    "pattern": [
      "0k3k4k6t"
    ]
  },
  {
    "key": 800259,
    "pattern": [
      "0k3k4k6k"
    ]
  },
  {
    "key": 79363,
    "pattern": [
      "0k3k4k5t"
    ]
  },
  {
    "key": 865795,
    "pattern": [
      "0k3k4k5t6k"
    ]
  },
  {
    "key": 112131,
    "pattern": [
      "0k3k4k5k"
    ]
  },
  {
    "key": 636419,
    "pattern": [
      "0k3k4k5k6t"
    ]
  },
  {
    "key": 131,
    "pattern": [
      "0k2t"
    ]
  },
  {
    "key": 786563,
    "pattern": [
      "0k2t6k"
    ]
  },
  {
    "key": 98435,
    "pattern": [
      "0k2t5k"
    ]
  },
  {
    "key": 884867,
    "pattern": [
      "0k2t5k6k"
    ]
  },
  {
    "key": 12419,
    "pattern": [
      "0k2t4k"
    ]
  },
  {
    "key": 798851,
    "pattern": [
      "0k2t4k6k"
    ]
  },
  {
    "key": 110723,
    "pattern": [
      "0k2t4k5k"
    ]
  },
  {
    "key": 897155,
    "pattern": [
      "0k2t4k5k6k"
    ]
  },
  {
    "key": 1667,
    "pattern": [
      "0k2t3k"
    ]
  },
  {
    "key": 788099,
    "pattern": [
      "0k2t3k6k"
    ]
  },
  {
    "key": 99971,
    "pattern": [
      "0k2t3k5k"
    ]
  },
  {
    "key": 886403,
    "pattern": [
      "0k2t3k5k6k"
    ]
  },
  {
    "key": 13955,
    "pattern": [
      "0k2t3k4k"
    ]
  },
  {
    "key": 800387,
    "pattern": [
      "0k2t3k4k6k"
    ]
  },
  {
    "key": 112259,
    "pattern": [
      "0k2t3k4k5k"
    ]
  },
  {
    "key": 195,
    "pattern": [
      "0k2k"
    ]
  },
  {
    "key": 524483,
    "pattern": [
      "0k2k6t"
    ]
  },
  {
    "key": 786627,
    "pattern": [
      "0k2k6k"
    ]
  },
  {
    "key": 65731,
    "pattern": [
      "0k2k5t"
    ]
  },
  {
    "key": 852163,
    "pattern": [
      "0k2k5t6k"
    ]
  },
  {
    "key": 98499,
    "pattern": [
      "0k2k5k"
    ]
  },
  {
    "key": 622787,
    "pattern": [
      "0k2k5k6t"
    ]
  },
  {
    "key": 884931,
    "pattern": [
      "0k2k5k6k"
    ]
  },
  {
    "key": 8387,
    "pattern": [
      "0k2k4t"
    ]
  },
  {
    "key": 794819,
    "pattern": [
      "0k2k4t6k"
    ]
  },
  {
    "key": 106691,
    "pattern": [
      "0k2k4t5k"
    ]
  },
  {
    "key": 893123,
    "pattern": [
      "0k2k4t5k6k"
    ]
  },
  {
    "key": 12483,
    "pattern": [
      "0k2k4k"
    ]
  },
  {
    "key": 536771,
    "pattern": [
      "0k2k4k6t"
    ]
  },
  {
    "key": 798915,
    "pattern": [
      "0k2k4k6k"
    ]
  },
  {
    "key": 78019,
    "pattern": [
      "0k2k4k5t"
    ]
  },
  {
    "key": 864451,
    "pattern": [
      "0k2k4k5t6k"
    ]
  },
  {
    "key": 110787,
    "pattern": [
      "0k2k4k5k"
    ]
  },
  {
    "key": 635075,
    "pattern": [
      "0k2k4k5k6t"
    ]
  },
  {
    "key": 1219,
    "pattern": [
      "0k2k3t"
    ]
  },
  {
    "key": 787651,
    "pattern": [
      "0k2k3t6k"
    ]
  },
  {
    "key": 99523,
    "pattern": [
      "0k2k3t5k"
    ]
  },
  {
    "key": 885955,
    "pattern": [
      "0k2k3t5k6k"
    ]
  },
  {
    "key": 13507,
    "pattern": [
      "0k2k3t4k"
    ]
  },
  {
    "key": 799939,
    "pattern": [
      "0k2k3t4k6k"
    ]
  },
  {
    "key": 111811,
    "pattern": [
      "0k2k3t4k5k"
    ]
  },
  {
    "key": 1731,
    "pattern": [
      "0k2k3k"
    ]
  },
  {
    "key": 526019,
    "pattern": [
      "0k2k3k6t"
    ]
  },
  {
    "key": 788163,
    "pattern": [
      "0k2k3k6k"
    ]
  },
  {
    "key": 67267,
    "pattern": [
      "0k2k3k5t"
    ]
  },
  {
    "key": 853699,
    "pattern": [
      "0k2k3k5t6k"
    ]
  },
  {
    "key": 100035,
    "pattern": [
      "0k2k3k5k"
    ]
  },
  {
    "key": 624323,
    "pattern": [
      "0k2k3k5k6t"
    ]
  },
  {
    "key": 9923,
    "pattern": [
      "0k2k3k4t"
    ]
  },
  {
    "key": 796355,
    "pattern": [
      "0k2k3k4t6k"
    ]
  },
  {
    "key": 108227,
    "pattern": [
      "0k2k3k4t5k"
    ]
  },
  {
    "key": 14019,
    "pattern": [
      "0k2k3k4k"
    ]
  },
  {
    "key": 538307,
    "pattern": [
      "0k2k3k4k6t"
    ]
  },
  {
    "key": 79555,
    "pattern": [
      "0k2k3k4k5t"
    ]
  },
  {
    "key": 19,
    "pattern": [
      "0k1t"
    ]
  },
  {
    "key": 786451,
    "pattern": [
      "0k1t6k"
    ]
  },
  {
    "key": 98323,
    "pattern": [
      "0k1t5k"
    ]
  },
  {
    "key": 884755,
    "pattern": [
      "0k1t5k6k"
    ]
  },
  {
    "key": 12307,
    "pattern": [
      "0k1t4k"
    ]
  },
  {
    "key": 798739,
    "pattern": [
      "0k1t4k6k"
    ]
  },
  {
    "key": 110611,
    "pattern": [
      "0k1t4k5k"
    ]
  },
  {
    "key": 897043,
    "pattern": [
      "0k1t4k5k6k"
    ]
  },
  {
    "key": 1555,
    "pattern": [
      "0k1t3k"
    ]
  },
  {
    "key": 787987,
    "pattern": [
      "0k1t3k6k"
    ]
  },
  {
    "key": 99859,
    "pattern": [
      "0k1t3k5k"
    ]
  },
  {
    "key": 886291,
    "pattern": [
      "0k1t3k5k6k"
    ]
  },
  {
    "key": 13843,
    "pattern": [
      "0k1t3k4k"
    ]
  },
  {
    "key": 800275,
    "pattern": [
      "0k1t3k4k6k"
    ]
  },
  {
    "key": 112147,
    "pattern": [
      "0k1t3k4k5k"
    ]
  },
  {
    "key": 211,
    "pattern": [
      "0k1t2k"
    ]
  },
  {
    "key": 786643,
    "pattern": [
      "0k1t2k6k"
    ]
  },
  {
    "key": 98515,
    "pattern": [
      "0k1t2k5k"
    ]
  },
  {
    "key": 884947,
    "pattern": [
      "0k1t2k5k6k"
    ]
  },
  {
    "key": 12499,
    "pattern": [
      "0k1t2k4k"
    ]
  },
  {
    "key": 798931,
    "pattern": [
      "0k1t2k4k6k"
    ]
  },
  {
    "key": 110803,
    "pattern": [
      "0k1t2k4k5k"
    ]
  },
  {
    "key": 1747,
    "pattern": [
      "0k1t2k3k"
    ]
  },
  {
    "key": 788179,
    "pattern": [
      "0k1t2k3k6k"
    ]
  },
  {
    "key": 100051,
    "pattern": [
      "0k1t2k3k5k"
    ]
  },
  {
    "key": 14035,
    "pattern": [
      "0k1t2k3k4k"
    ]
  },
  {
    "key": 27,
    "pattern": [
      "0k1k"
    ]
  },
  {
    "key": 524315,
    "pattern": [
      "0k1k6t"
    ]
  },
  {
    "key": 786459,
    "pattern": [
      "0k1k6k"
    ]
  },
  {
    "key": 65563,
    "pattern": [
      "0k1k5t"
    ]
  },
  {
    "key": 851995,
    "pattern": [
      "0k1k5t6k"
    ]
  },
  {
    "key": 98331,
    "pattern": [
      "0k1k5k"
    ]
  },
  {
    "key": 622619,
    "pattern": [
      "0k1k5k6t"
    ]
  },
  {
    "key": 884763,
    "pattern": [
      "0k1k5k6k"
    ]
  },
  {
    "key": 8219,
    "pattern": [
      "0k1k4t"
    ]
  },
  {
    "key": 794651,
    "pattern": [
      "0k1k4t6k"
    ]
  },
  {
    "key": 106523,
    "pattern": [
      "0k1k4t5k"
    ]
  },
  {
    "key": 892955,
    "pattern": [
      "0k1k4t5k6k"
    ]
  },
  {
    "key": 12315,
    "pattern": [
      "0k1k4k"
    ]
  },
  {
    "key": 536603,
    "pattern": [
      "0k1k4k6t"
    ]
  },
  {
    "key": 798747,
    "pattern": [
      "0k1k4k6k"
    ]
  },
  {
    "key": 77851,
    "pattern": [
      "0k1k4k5t"
    ]
  },
  {
    "key": 864283,
    "pattern": [
      "0k1k4k5t6k"
    ]
  },
  {
    "key": 110619,
    "pattern": [
      "0k1k4k5k"
    ]
  },
  {
    "key": 634907,
    "pattern": [
      "0k1k4k5k6t"
    ]
  },
  {
    "key": 1051,
    "pattern": [
      "0k1k3t"
    ]
  },
  {
    "key": 787483,
    "pattern": [
      "0k1k3t6k"
    ]
  },
  {
    "key": 99355,
    "pattern": [
      "0k1k3t5k"
    ]
  },
  {
    "key": 885787,
    "pattern": [
      "0k1k3t5k6k"
    ]
  },
  {
    "key": 13339,
    "pattern": [
      "0k1k3t4k"
    ]
  },
  {
    "key": 799771,
    "pattern": [
      "0k1k3t4k6k"
    ]
  },
  {
    "key": 111643,
    "pattern": [
      "0k1k3t4k5k"
    ]
  },
  {
    "key": 1563,
    "pattern": [
      "0k1k3k"
    ]
  },
  {
    "key": 525851,
    "pattern": [
      "0k1k3k6t"
    ]
  },
  {
    "key": 787995,
    "pattern": [
      "0k1k3k6k"
    ]
  },
  {
    "key": 67099,
    "pattern": [
      "0k1k3k5t"
    ]
  },
  {
    "key": 853531,
    "pattern": [
      "0k1k3k5t6k"
    ]
  },
  {
    "key": 99867,
    "pattern": [
      "0k1k3k5k"
    ]
  },
  {
    "key": 624155,
    "pattern": [
      "0k1k3k5k6t"
    ]
  },
  {
    "key": 9755,
    "pattern": [
      "0k1k3k4t"
    ]
  },
  {
    "key": 796187,
    "pattern": [
      "0k1k3k4t6k"
    ]
  },
  {
    "key": 108059,
    "pattern": [
      "0k1k3k4t5k"
    ]
  },
  {
    "key": 13851,
    "pattern": [
      "0k1k3k4k"
    ]
  },
  {
    "key": 538139,
    "pattern": [
      "0k1k3k4k6t"
    ]
  },
  {
    "key": 79387,
    "pattern": [
      "0k1k3k4k5t"
    ]
  },
  {
    "key": 155,
    "pattern": [
      "0k1k2t"
    ]
  },
  {
    "key": 786587,
    "pattern": [
      "0k1k2t6k"
    ]
  },
  {
    "key": 98459,
    "pattern": [
      "0k1k2t5k"
    ]
  },
  {
    "key": 884891,
    "pattern": [
      "0k1k2t5k6k"
    ]
  },
  {
    "key": 12443,
    "pattern": [
      "0k1k2t4k"
    ]
  },
  {
    "key": 798875,
    "pattern": [
      "0k1k2t4k6k"
    ]
  },
  {
    "key": 110747,
    "pattern": [
      "0k1k2t4k5k"
    ]
  },
  {
    "key": 1691,
    "pattern": [
      "0k1k2t3k"
    ]
  },
  {
    "key": 788123,
    "pattern": [
      "0k1k2t3k6k"
    ]
  },
  {
    "key": 99995,
    "pattern": [
      "0k1k2t3k5k"
    ]
  },
  {
    "key": 13979,
    "pattern": [
      "0k1k2t3k4k"
    ]
  },
  {
    "key": 219,
    "pattern": [
      "0k1k2k"
    ]
  },
  {
    "key": 524507,
    "pattern": [
      "0k1k2k6t"
    ]
  },
  {
    "key": 786651,
    "pattern": [
      "0k1k2k6k"
    ]
  },
  {
    "key": 65755,
    "pattern": [
      "0k1k2k5t"
    ]
  },
  {
    "key": 852187,
    "pattern": [
      "0k1k2k5t6k"
    ]
  },
  {
    "key": 98523,
    "pattern": [
      "0k1k2k5k"
    ]
  },
  {
    "key": 622811,
    "pattern": [
      "0k1k2k5k6t"
    ]
  },
  {
    "key": 8411,
    "pattern": [
      "0k1k2k4t"
    ]
  },
  {
    "key": 794843,
    "pattern": [
      "0k1k2k4t6k"
    ]
  },
  {
    "key": 106715,
    "pattern": [
      "0k1k2k4t5k"
    ]
  },
  {
    "key": 12507,
    "pattern": [
      "0k1k2k4k"
    ]
  },
  {
    "key": 536795,
    "pattern": [
      "0k1k2k4k6t"
    ]
  },
  {
    "key": 78043,
    "pattern": [
      "0k1k2k4k5t"
    ]
  },
  {
    "key": 1243,
    "pattern": [
      "0k1k2k3t"
    ]
  },
  {
    "key": 787675,
    "pattern": [
      "0k1k2k3t6k"
    ]
  },
  {
    "key": 99547,
    "pattern": [
      "0k1k2k3t5k"
    ]
  },
  {
    "key": 13531,
    "pattern": [
      "0k1k2k3t4k"
    ]
  },
  {
    "key": 1755,
    "pattern": [
      "0k1k2k3k"
    ]
  },
  {
    "key": 526043,
    "pattern": [
      "0k1k2k3k6t"
    ]
  },
  {
    "key": 67291,
    "pattern": [
      "0k1k2k3k5t"
    ]
  },
  {
    "key": 9947,
    "pattern": [
      "0k1k2k3k4t"
    ]
  }
]